boughtDate,price,count
2014-04-19,2450000,1
2014-05-25,150000,1
2014-06-16,150000,1
2014-06-19,71000,1
2014-06-20,150000,1
2014-06-25,71000,1
2014-06-28,71000,1
2014-06-29,41500,1
2014-07-01,97600,1
2014-07-16,140000,1
2014-07-17,925955,1
2014-07-18,97600,1
2014-07-20,71000,1
2014-07-24,41500,1
2014-07-25,140000,1
2014-08-05,140000,1
2014-08-09,1450000,1
2014-08-22,41500,1
2014-08-25,78000,1
2014-08-26,97600,1
2014-09-04,69000,1
2014-09-06,947600,2
2014-09-09,870600,2
2014-09-12,350100,4
2014-09-14,237600,2
2014-09-16,851000,2
2014-09-19,41500,1
2014-09-23,221000,2
2014-09-24,44000,1
2014-09-26,41500,1
2014-10-02,200000,1
2014-10-07,1896000,2
2014-10-09,210100,3
2014-10-13,271000,2
2014-10-14,71000,1
2014-10-16,97600,1
2014-10-20,960500,3
2014-10-21,71000,1
2014-10-27,71000,1
2014-10-28,41500,1
2014-10-31,1034000,3
2014-11-02,140000,1
2014-11-03,71000,1
2014-11-04,1048000,2
2014-11-10,139100,2
2014-11-11,234600,3
2014-11-13,380000,3
2014-11-16,44000,1
2014-11-17,71000,1
2014-11-19,71000,1
2014-11-23,140000,1
2014-11-26,71000,1
2014-11-27,993500,3
2014-11-29,749500,1
2014-12-01,2102800,3
2014-12-02,162600,2
2014-12-03,244000,2
2014-12-07,231600,3
2014-12-11,78000,1
2014-12-12,3481500,5
2014-12-15,67500,1
2014-12-20,78000,1
2014-12-24,97600,1
2014-12-25,184000,2
2014-12-26,72000,1
2014-12-28,71000,1
2014-12-29,150000,1
2014-12-30,99950,1
2014-12-31,115000,2
2015-01-02,67500,1
2015-01-03,97600,1
2015-01-04,1896000,2
2015-01-05,140000,1
2015-01-06,171000,2
2015-01-08,1800000,3
2015-01-09,141600,2
2015-01-12,150000,1
2015-01-13,150000,1
2015-01-14,44000,1
2015-01-17,775000,1
2015-01-20,56600,1
2015-01-21,83000,2
2015-01-24,97600,1
2015-01-26,140000,1
2015-01-28,71000,1
2015-01-29,105000,1
2015-01-30,72000,1
2015-01-31,44000,1
2015-02-01,439000,2
2015-02-02,99950,1
2015-02-03,906600,2
2015-02-05,68950,1
2015-02-06,72000,1
2015-02-07,1025700,3
2015-02-08,71000,1
2015-02-11,56600,1
2015-02-12,56600,1
2015-02-13,80000,1
2015-02-14,228000,2
2015-02-18,412500,3
2015-02-19,1095000,1
2015-02-20,56600,1
2015-02-21,132000,2
2015-02-22,100000,1
2015-02-23,1245000,2
2015-02-24,2251000,3
2015-02-25,299000,1
2015-02-26,56600,1
2015-02-27,61000,1
2015-02-28,702000,1
2015-03-01,210000,2
2015-03-02,140600,2
2015-03-03,78000,1
2015-03-05,1965000,2
2015-03-06,1165000,1
2015-03-09,139950,2
2015-03-11,61000,1
2015-03-12,56600,1
2015-03-13,1095000,1
2015-03-16,299000,1
2015-03-17,3500000,1
2015-03-19,71000,1
2015-03-23,980350,2
2015-03-24,1136500,2
2015-03-26,749500,1
2015-03-27,109300,2
2015-03-28,228000,2
2015-03-30,159100,3
2015-03-31,177000,1
2015-04-01,168450,2
2015-04-02,99500,1
2015-04-03,297500,2
2015-04-04,224500,4
2015-04-05,150000,1
2015-04-07,1041400,2
2015-04-10,56600,1
2015-04-11,170000,1
2015-04-12,3199000,1
2015-04-14,44000,1
2015-04-16,1168100,2
2015-04-17,773000,1
2015-04-20,44000,1
2015-04-22,44000,1
2015-04-23,166550,2
2015-04-24,945000,1
2015-04-25,97600,1
2015-04-26,936500,2
2015-04-28,3619500,4
2015-04-29,816500,2
2015-04-30,229000,1
2015-05-02,41500,1
2015-05-03,437950,3
2015-05-04,1280700,3
2015-05-06,41500,1
2015-05-08,775000,1
2015-05-11,428000,2
2015-05-12,140000,1
2015-05-14,52700,1
2015-05-15,61000,1
2015-05-18,129000,1
2015-05-19,350000,1
2015-05-21,97600,1
2015-05-25,2891600,4
2015-05-26,1057000,2
2015-05-28,1095000,1
2015-05-29,959000,1
2015-05-30,181500,2
2015-05-31,71000,1
2015-06-01,1272100,3
2015-06-02,79500,1
2015-06-03,182000,3
2015-06-08,68950,1
2015-06-09,1031100,3
2015-06-10,136000,2
2015-06-11,123700,2
2015-06-13,44000,1
2015-06-15,91100,1
2015-06-19,196000,2
2015-06-20,119000,1
2015-06-22,68950,1
2015-06-23,200500,3
2015-06-25,588500,3
2015-06-26,1318350,6
2015-06-27,52700,1
2015-06-28,366900,3
2015-06-29,117600,2
2015-06-30,1825000,1
2015-07-01,327200,4
2015-07-02,122000,2
2015-07-03,61000,1
2015-07-04,61000,1
2015-07-06,213100,2
2015-07-07,150000,1
2015-07-08,825000,1
2015-07-09,129950,2
2015-07-10,1972000,1
2015-07-12,140000,1
2015-07-13,1147600,2
2015-07-14,97600,1
2015-07-22,140000,1
2015-07-23,79500,1
2015-07-24,41500,1
2015-07-25,763500,2
2015-07-26,888900,2
2015-07-27,1543950,3
2015-07-28,56600,1
2015-07-30,1958000,2
2015-07-31,97600,1
2015-08-01,514500,4
2015-08-02,1175600,4
2015-08-03,1430200,4
2015-08-04,285000,1
2015-08-05,159000,2
2015-08-06,1077500,2
2015-08-07,19043000,3
2015-08-08,210000,1
2015-08-09,1075600,3
2015-08-10,1045800,4
2015-08-11,97600,1
2015-08-12,2326600,3
2015-08-14,1220600,3
2015-08-16,41500,1
2015-08-18,174200,3
2015-08-19,61000,1
2015-08-20,277600,3
2015-08-22,61000,1
2015-08-23,500500,1
2015-08-24,255500,2
2015-08-25,918000,1
2015-08-26,536600,3
2015-08-27,1836600,3
2015-08-28,73100,1
2015-08-29,776600,2
2015-08-30,1004950,3
2015-08-31,97600,1
2015-09-01,2000000,1
2015-09-02,237600,2
2015-09-03,426100,3
2015-09-04,139100,2
2015-09-05,842000,2
2015-09-06,195200,2
2015-09-07,134100,2
2015-09-08,97600,1
2015-09-09,381500,2
2015-09-10,178600,3
2015-09-13,9999000,1
2015-09-16,280500,3
2015-09-17,3382600,4
2015-09-19,97600,1
2015-09-20,439500,2
2015-09-21,775000,1
2015-09-23,185000,2
2015-09-24,430000,3
2015-09-25,9218600,4
2015-09-26,2072500,3
2015-09-27,3450000,1
2015-09-28,775000,1
2015-09-29,431700,3
2015-10-01,2690500,3
2015-10-02,292800,3
2015-10-04,3296600,2
2015-10-05,828900,6
2015-10-06,1344600,4
2015-10-07,35000,1
2015-10-08,97600,1
2015-10-09,379000,2
2015-10-10,390400,4
2015-10-11,262700,3
2015-10-12,991200,4
2015-10-14,97600,1
2015-10-16,2199000,1
2015-10-17,312200,3
2015-10-18,97600,1
2015-10-19,340000,1
2015-10-20,1056600,2
2015-10-22,165100,2
2015-10-23,41500,1
2015-10-26,1203100,5
2015-10-28,105000,1
2015-10-29,41500,1
2015-10-30,9116600,3
2015-11-01,437600,2
2015-11-02,1176900,7
2015-11-03,221000,2
2015-11-05,1562900,7
2015-11-06,230000,2
2015-11-07,180600,3
2015-11-08,105000,1
2015-11-09,1184200,5
2015-11-11,4995000,12
2015-11-13,139100,2
2015-11-15,35800,1
2015-11-16,402700,2
2015-11-17,136450,2
2015-11-18,266600,2
2015-11-20,326600,2
2015-11-21,1149500,2
2015-11-22,310200,4
2015-11-23,344000,3
2015-11-24,95200,1
2015-11-25,1151500,2
2015-11-26,317200,4
2015-11-27,1150000,1
2015-11-28,168600,2
2015-11-29,12582600,9
2015-11-30,636700,8
2015-12-01,1696300,4
2015-12-02,1672550,4
2015-12-03,106800,2
2015-12-04,1324400,5
2015-12-05,1150000,1
2015-12-06,97600,1
2015-12-07,3147099,5
2015-12-08,722000,1
2015-12-09,44000,1
2015-12-10,2364600,5
2015-12-11,4116000,8
2015-12-12,5154500,10
2015-12-13,2393000,3
2015-12-14,1680000,4
2015-12-17,80000,2
2015-12-20,1977700,3
2015-12-21,1161000,3
2015-12-23,35000,1
2015-12-24,110000,2
2015-12-25,71000,1
2015-12-26,421300,5
2015-12-27,1136900,7
2015-12-28,199000,1
2015-12-29,1290200,3
2015-12-30,414700,6
2015-12-31,140000,1
2016-01-04,1150000,1
2016-01-05,1088500,1
2016-01-06,348400,4
2016-01-07,227900,2
2016-01-08,2330100,6
2016-01-09,218589,4
2016-01-10,1150000,1
2016-01-11,762600,2
2016-01-12,2300000,2
2016-01-13,1550000,2
2016-01-14,2038600,4
2016-01-16,107000,1
2016-01-17,275600,3
2016-01-18,2378000,4
2016-01-19,56600,1
2016-01-20,1095000,1
2016-01-21,1095000,1
2016-01-22,933000,2
2016-01-23,2057000,2
2016-01-24,227600,3
2016-01-25,1058300,2
2016-01-26,2080320,3
2016-01-27,1837500,4
2016-01-28,1755000,8
2016-01-29,1391600,4
2016-01-30,520000,3
2016-01-31,141600,2
2016-02-01,350000,2
2016-02-02,1542600,3
2016-02-03,1282320,5
2016-02-05,1276500,3
2016-02-07,1204600,2
2016-02-08,458000,2
2016-02-09,773000,1
2016-02-10,331000,5
2016-02-11,82320,1
2016-02-12,1549000,3
2016-02-13,223000,3
2016-02-14,825000,1
2016-02-15,198800,4
2016-02-16,14900,1
2016-02-18,1203000,3
2016-02-19,200000,1
2016-02-20,1150000,1
2016-02-21,240000,1
2016-02-22,365000,4
2016-02-23,229000,1
2016-02-24,135000,3
2016-02-25,953000,5
2016-02-28,1217000,3
2016-02-29,3196000,4
2016-03-01,2576500,3
2016-03-02,2671500,4
2016-03-03,1361000,5
2016-03-04,94000,2
2016-03-05,45000,1
2016-03-06,132000,2
2016-03-07,3356500,3
2016-03-10,47000,1
2016-03-11,221800,3
2016-03-12,1088500,1
2016-03-14,260000,4
2016-03-15,434800,8
2016-03-16,5847000,7
2016-03-17,1237500,3
2016-03-18,1119000,6
2016-03-19,206000,4
2016-03-21,443500,6
2016-03-22,162500,3
2016-03-23,1137000,6
2016-03-24,417900,6
2016-03-25,4374400,7
2016-03-26,206000,3
2016-03-27,1156000,2
2016-03-28,256800,6
2016-03-29,226500,4
2016-03-30,2342000,3
2016-03-31,1732500,8
2016-04-01,3209300,11
2016-04-02,822000,2
2016-04-03,370000,5
2016-04-04,490100,8
2016-04-05,2136000,6
2016-04-06,2654000,7
2016-04-07,893000,3
2016-04-08,1502000,7
2016-04-09,581000,7
2016-04-10,1384000,4
2016-04-11,580300,7
2016-04-12,1713500,5
2016-04-13,2172500,7
2016-04-14,493000,10
2016-04-15,322900,3
2016-04-16,47000,1
2016-04-17,1116500,5
2016-04-18,1429900,6
2016-04-19,228500,3
2016-04-20,463000,8
2016-04-21,1726600,9
2016-04-22,4251700,9
2016-04-23,483000,10
2016-04-24,466800,8
2016-04-25,1253900,9
2016-04-26,3151900,4
2016-04-27,432400,5
2016-04-28,248000,5
2016-04-29,942600,4
2016-04-30,1396500,5
2016-05-01,60000,1
2016-05-02,699700,8
2016-05-03,354450,6
2016-05-04,348500,5
2016-05-05,123900,2
2016-05-06,222900,3
2016-05-07,350000,4
2016-05-08,1889600,4
2016-05-09,1264600,5
2016-05-10,1440000,8
2016-05-11,2004400,13
2016-05-12,2364400,7
2016-05-13,559700,7
2016-05-14,2849450,10
2016-05-15,209950,4
2016-05-16,1243600,4
2016-05-17,125550,2
2016-05-18,7414950,11
2016-05-19,1550400,6
2016-05-20,208950,2
2016-05-21,468000,6
2016-05-22,3595000,1
2016-05-23,1197000,2
2016-05-24,3720450,8
2016-05-25,2191400,19
2016-05-26,874750,4
2016-05-27,2156000,5
2016-05-28,1389500,4
2016-05-29,3555050,12
2016-05-30,2062050,11
2016-05-31,722400,8
2016-06-01,2652950,8
2016-06-02,297500,3
2016-06-03,106000,2
2016-06-04,773000,1
2016-06-05,1279500,4
2016-06-06,366300,2
2016-06-07,1009850,7
2016-06-08,1532000,3
2016-06-09,319450,3
2016-06-10,5890900,9
2016-06-11,1942500,3
2016-06-12,351500,4
2016-06-13,1807000,4
2016-06-14,1571700,5
2016-06-15,224000,3
2016-06-16,550800,9
2016-06-17,900450,9
2016-06-18,3102200,6
2016-06-19,215900,4
2016-06-20,5919700,16
2016-06-21,1154950,6
2016-06-22,2833600,19
2016-06-23,4084450,22
2016-06-24,2875650,21
2016-06-25,441800,7
2016-06-26,832100,9
2016-06-27,456500,6
2016-06-28,1714700,10
2016-06-29,9353900,11
2016-06-30,2657420,10
2016-07-01,2351600,5
2016-07-02,375900,6
2016-07-03,537000,4
2016-07-04,1303500,4
2016-07-05,412000,2
2016-07-06,2036920,3
2016-07-07,2166500,3
2016-07-08,92000,2
2016-07-09,315800,4
2016-07-10,2660400,7
2016-07-11,1602400,7
2016-07-12,1937300,10
2016-07-13,2962600,15
2016-07-14,7244501,16
2016-07-15,937400,10
2016-07-16,1989450,11
2016-07-17,6866550,9
2016-07-18,2911000,11
2016-07-19,2939000,9
2016-07-20,6335200,14
2016-07-21,6093000,9
2016-07-22,1238350,9
2016-07-23,16433500,5
2016-07-24,2317000,5
2016-07-25,595500,8
2016-07-26,4778000,7
2016-07-27,6964700,10
2016-07-28,7075520,10
2016-07-29,6266700,9
2016-07-30,778500,11
2016-07-31,1647500,9
2016-08-01,3338500,12
2016-08-02,1087600,6
2016-08-03,2662350,7
2016-08-04,144500,2
2016-08-05,1849350,9
2016-08-06,841800,11
2016-08-07,489700,6
2016-08-08,551100,8
2016-08-09,5157600,16
2016-08-10,6222960,9
2016-08-11,392300,4
2016-08-12,1107450,12
2016-08-13,2347650,9
2016-08-14,1546400,7
2016-08-15,805000,8
2016-08-16,2757900,10
2016-08-17,783220,10
2016-08-18,5385400,8
2016-08-19,3783700,9
2016-08-20,534000,6
2016-08-21,1484000,6
2016-08-22,1678300,12
2016-08-23,781000,10
2016-08-24,2488350,15
2016-08-25,8740130,20
2016-08-26,1142550,13
2016-08-27,1539500,12
2016-08-28,1222200,14
2016-08-29,603050,11
2016-08-30,447100,8
2016-08-31,2444000,16
2016-09-01,1037500,15
2016-09-02,1257500,15
2016-09-03,1665900,11
2016-09-04,332600,5
2016-09-05,814900,13
2016-09-06,1999950,17
2016-09-07,18601550,15
2016-09-08,1514300,12
2016-09-09,1005250,13
2016-09-10,361950,6
2016-09-11,906600,11
2016-09-12,502650,8
2016-09-13,1841900,16
2016-09-14,1680100,13
2016-09-15,2050500,16
2016-09-16,1736900,10
2016-09-17,1744600,7
2016-09-18,6513700,11
2016-09-19,1045720,10
2016-09-20,1148923,15
2016-09-21,1865300,11
2016-09-22,1367599,8
2016-09-23,848800,12
2016-09-24,446900,7
2016-09-25,870488,11
2016-09-26,11079901,13
2016-09-27,4521500,15
2016-09-28,2977054,26
2016-09-29,1439500,19
2016-09-30,1894300,19
2016-10-01,1797200,17
2016-10-02,625200,11
2016-10-03,5740700,19
2016-10-04,2754900,22
2016-10-05,1613700,16
2016-10-06,2249600,13
2016-10-07,5976600,17
2016-10-08,1219700,14
2016-10-09,835500,13
2016-10-10,6420000,23
2016-10-11,2403600,26
2016-10-12,5175920,23
2016-10-13,2058608,23
2016-10-14,953850,13
2016-10-15,1075500,7
2016-10-16,4014550,17
2016-10-17,5064610,11
2016-10-18,1453350,11
2016-10-19,1030350,13
2016-10-20,1318100,11
2016-10-21,3203400,14
2016-10-22,2523120,11
2016-10-23,1531350,10
2016-10-24,7216100,11
2016-10-25,3965300,16
2016-10-26,4510588,20
2016-10-27,2411200,13
2016-10-28,2447800,17
2016-10-29,14362050,12
2016-10-30,2351850,18
2016-10-31,2828800,17
2016-11-01,3586800,21
2016-11-02,4062000,31
2016-11-03,1070100,13
2016-11-04,5808200,22
2016-11-05,3774250,11
2016-11-06,2020350,12
2016-11-07,5444100,14
2016-11-08,2010450,15
2016-11-09,1127100,10
2016-11-10,3888399,14
2016-11-11,44181550,78
2016-11-12,1458099,10
2016-11-13,6489950,16
2016-11-14,212000,2
2016-11-15,11137400,16
2016-11-16,4367000,16
2016-11-17,2452500,14
2016-11-18,4345000,12
2016-11-19,3070250,14
2016-11-20,2417100,9
2016-11-21,5467400,7
2016-11-22,13090350,16
2016-11-23,964350,11
2016-11-24,12804900,14
2016-11-25,5548400,13
2016-11-26,1444100,13
2016-11-27,687000,11
2016-11-28,6705450,18
2016-11-29,5123800,22
2016-11-30,4924000,23
2016-12-01,8093020,20
2016-12-02,5923500,14
2016-12-03,2620450,11
2016-12-04,2218000,13
2016-12-05,10669700,16
2016-12-06,4458000,13
2016-12-07,12259000,15
2016-12-08,8117000,8
2016-12-09,12008000,13
2016-12-10,9299000,12
2016-12-11,35650500,14
2016-12-12,94293300,109
2016-12-13,71157082,62
2016-12-14,67386440,100
2016-12-15,15711000,26
2016-12-16,13040900,25
2016-12-17,11070300,25
2016-12-18,15021600,25
2016-12-19,5286300,16
2016-12-20,19164500,23
2016-12-21,10017600,19
2016-12-22,8877500,13
2016-12-23,6544400,12
2016-12-24,24610999,19
2016-12-25,13725636,16
2016-12-26,7557500,13
2016-12-27,17061000,20
2016-12-28,5135000,10
2016-12-29,4720900,18
2016-12-30,18401500,18
2016-12-31,16510500,9
2017-01-01,9726500,10
2017-01-02,19242599,23
2017-01-03,28962600,20
2017-01-04,11100900,20
2017-01-05,19310500,14
2017-01-06,6603000,12
2017-01-07,6208950,10
2017-01-08,4684000,5
2017-01-09,25256900,23
2017-01-10,24447200,22
2017-01-11,6852350,13
2017-01-12,7925200,13
2017-01-13,5789400,16
2017-01-14,2826100,13
2017-01-15,15983400,13
2017-01-16,14613300,25
2017-01-17,4225500,14
2017-01-18,16060198,27
2017-01-19,5507000,11
2017-01-20,10361325,15
2017-01-21,49000,1
2017-01-22,8223400,14
2017-01-23,1540850,6
2017-01-24,5441500,8
2017-01-25,8666250,14
2017-01-26,3555800,12
2017-01-27,9337400,22
2017-01-28,7605100,11
2017-01-29,7291000,9
2017-01-30,18353203,24
2017-01-31,12207653,24
2017-02-01,16034050,30
2017-02-02,8994250,18
2017-02-03,12432700,11
2017-02-04,8852599,19
2017-02-05,10269800,14
2017-02-06,16365003,17
2017-02-07,23944799,26
2017-02-08,5413094,14
2017-02-09,4374400,12
2017-02-10,6955950,18
2017-02-11,11320500,12
2017-02-12,19878500,13
2017-02-13,10434800,19
2017-02-14,7465500,9
2017-02-15,13292799,10
2017-02-16,13445500,23
2017-02-17,9667293,15
2017-02-18,13538000,7
2017-02-19,925000,4
2017-02-20,7501500,12
2017-02-21,7259653,17
2017-02-22,4056221,13
2017-02-23,3464000,8
2017-02-24,10533500,15
2017-02-25,1108800,5
2017-02-26,3603900,9
2017-02-27,16458553,18
2017-02-28,13939753,16
2017-03-01,13581940,24
2017-03-02,7577900,18
2017-03-03,10737853,13
2017-03-04,9582000,9
2017-03-05,3780400,9
2017-03-06,13299600,14
2017-03-07,11168900,14
2017-03-08,27881300,14
2017-03-09,4905100,13
2017-03-10,3268000,9
2017-03-11,7380500,10
2017-03-12,12296700,8
2017-03-13,19857899,16
2017-03-14,12086000,12
2017-03-15,5405453,16
2017-03-16,11629000,5
2017-03-17,7727700,18
2017-03-18,6384400,12
2017-03-19,5360100,9
2017-03-20,8506500,11
2017-03-21,49352800,51
2017-03-22,30439953,44
2017-03-23,50320500,51
2017-03-24,16427653,18
2017-03-25,5384500,6
2017-03-26,15065991,13
2017-03-27,17131500,14
2017-03-28,16413500,14
2017-03-29,11823300,15
2017-03-30,16879000,16
2017-03-31,6769000,15
2017-04-01,11578800,16
2017-04-02,13210000,15
2017-04-03,13317500,19
2017-04-04,25918100,18
2017-04-05,9552700,18
2017-04-06,8660500,9
2017-04-07,324000,3
2017-04-08,7969500,10
2017-04-09,4746000,8
2017-04-10,5787620,10
2017-04-11,4366300,9
2017-04-12,12447400,9
2017-04-13,8462500,8
2017-04-14,11008800,10
2017-04-15,11341950,10
2017-04-16,8165608,12
2017-04-17,9471600,15
2017-04-18,1124400,5
2017-04-19,15739900,12
2017-04-20,4305000,8
2017-04-21,13724500,12
2017-04-22,9149500,5
2017-04-23,2534000,5
2017-04-24,19358500,11
2017-04-25,12184000,13
2017-04-26,13722500,11
2017-04-27,9589594,11
2017-04-28,21260100,17
2017-04-29,11934000,8
2017-04-30,18627250,12
2017-05-01,28438600,21
2017-05-02,28082500,16
2017-05-03,12606500,15
2017-05-04,26286700,18
2017-05-05,11092000,6
2017-05-06,2330000,5
2017-05-07,4109500,7
2017-05-08,16146200,12
2017-05-09,7201300,10
2017-05-10,26957400,13
2017-05-11,9782900,9
2017-05-12,6932500,5
2017-05-13,2110000,4
2017-05-14,5967208,5
2017-05-15,8112300,10
2017-05-16,6825900,12
2017-05-17,7611200,10
2017-05-18,27327600,17
2017-05-19,11060110,11
2017-05-20,15506000,11
2017-05-21,6003400,10
2017-05-22,19791800,17
2017-05-23,53016100,18
2017-05-24,19173800,11
2017-05-25,9809600,9
2017-05-26,16027400,18
2017-05-27,1419300,8
2017-05-28,3044100,8
2017-05-29,23728800,28
2017-05-30,9725000,12
2017-05-31,19854020,15
2017-06-01,20924600,13
2017-06-02,19605400,22
2017-06-03,9605100,10
2017-06-04,5276000,8
2017-06-05,6341400,12
2017-06-06,26362700,18
2017-06-07,7834500,18
2017-06-08,9856600,17
2017-06-09,8628500,13
2017-06-10,12736000,14
2017-06-11,11113400,15
2017-06-12,5318900,9
2017-06-13,12213600,22
2017-06-14,16573380,15
2017-06-15,18427600,12
2017-06-16,18817500,20
2017-06-17,5398700,12
2017-06-18,10397000,14
2017-06-19,11491500,13
2017-06-20,5368000,12
2017-06-21,10915000,12
2017-06-22,7125000,6
2017-06-23,9195500,9
2017-06-24,5330800,7
2017-06-25,7657000,7
2017-06-26,8176300,12
2017-06-27,8856500,12
2017-06-28,18716600,14
2017-06-29,14960100,16
2017-06-30,6734300,10
2017-07-01,6654000,19
2017-07-02,12724000,17
2017-07-03,26344000,18
2017-07-04,20937480,25
2017-07-05,11376000,10
2017-07-06,17195800,19
2017-07-07,26185600,21
2017-07-08,15832100,13
2017-07-09,22590300,13
2017-07-10,33580800,24
2017-07-11,15285200,20
2017-07-12,8927573,8
2017-07-13,18391000,8
2017-07-14,8159500,11
2017-07-15,13963700,16
2017-07-16,2851100,8
2017-07-17,15336500,10
2017-07-18,13470795,13
2017-07-19,16180800,16
2017-07-20,6256500,11
2017-07-21,8929000,13
2017-07-22,7205211,15
2017-07-23,8580000,12
2017-07-24,28870400,24
2017-07-25,12411000,12
2017-07-26,19915000,18
2017-07-27,28681000,20
2017-07-28,16939973,18
2017-07-29,6741208,11
2017-07-30,4867100,10
2017-07-31,33470300,21
2017-08-01,10081600,21
2017-08-02,7156700,13
2017-08-03,11137300,14
2017-08-04,14637200,21
2017-08-05,10432900,22
2017-08-06,7300300,22
2017-08-07,15338100,18
2017-08-08,17856900,18
2017-08-09,18548563,14
2017-08-10,5527100,10
2017-08-11,12550500,12
2017-08-12,17111800,12
2017-08-13,9281500,12
2017-08-14,19883900,15
2017-08-15,9115300,16
2017-08-16,4590200,20
2017-08-17,7157811,13
2017-08-18,16012199,19
2017-08-19,7817200,15
2017-08-20,7845000,8
2017-08-21,33167670,24
2017-08-22,9609300,19
2017-08-23,14442800,11
2017-08-24,20321270,21
2017-08-25,34255300,25
2017-08-26,14898800,21
2017-08-27,17296400,24
2017-08-28,23104500,23
2017-08-29,18312500,25
2017-08-30,15869800,18
2017-08-31,28693000,18
2017-09-01,10699770,14
2017-09-02,8541075,14
2017-09-03,10288500,10
2017-09-04,9915309,16
2017-09-05,18828360,21
2017-09-06,12872500,13
2017-09-07,7619662,24
2017-09-08,12601970,15
2017-09-09,10176400,21
2017-09-10,19190500,11
2017-09-11,3670000,12
2017-09-12,10914670,17
2017-09-13,6482679,16
2017-09-14,13032751,22
2017-09-15,8625000,17
2017-09-16,6513300,16
2017-09-17,21620500,14
2017-09-18,11808900,15
2017-09-19,26802900,19
2017-09-20,12494600,21
2017-09-21,11596686,17
2017-09-22,15801800,14
2017-09-23,4074519,14
2017-09-24,4946109,16
2017-09-25,14837609,15
2017-09-26,7656934,21
2017-09-27,12996811,19
2017-09-28,15564000,18
2017-09-29,22806508,29
2017-09-30,13927400,15
2017-10-01,7822300,14
2017-10-02,16177756,25
2017-10-03,15822101,25
2017-10-04,18632422,26
2017-10-05,13606900,26
2017-10-06,16168500,20
2017-10-07,17404250,16
2017-10-08,18219036,16
2017-10-09,18921101,21
2017-10-10,18742150,24
2017-10-11,12658800,20
2017-10-12,30374600,27
2017-10-13,8766475,16
2017-10-14,6042281,23
2017-10-15,12889200,19
2017-10-16,14591400,27
2017-10-17,28047633,26
2017-10-18,15331400,21
2017-10-19,25909270,23
2017-10-20,8526240,17
2017-10-21,16924300,15
2017-10-22,16598511,11
2017-10-23,17118292,20
2017-10-24,16983550,17
2017-10-25,4762450,14
2017-10-26,10850800,17
2017-10-27,4077200,12
2017-10-28,9812800,18
2017-10-29,8805000,16
2017-10-30,17451800,21
2017-10-31,19799370,25
2017-11-01,10414300,17
2017-11-02,37274200,19
2017-11-03,18770120,23
2017-11-04,13067170,20
2017-11-05,29579200,20
2017-11-06,21077061,20
2017-11-07,22245969,22
2017-11-08,10181922,19
2017-11-09,10358570,25
2017-11-10,4606462,19
2017-11-11,234525591,160
2017-11-12,87635509,55
2017-11-13,41617492,54
2017-11-14,53126200,41
2017-11-15,27334100,33
2017-11-16,27812500,27
2017-11-17,11488370,16
2017-11-18,16593970,28
2017-11-19,10023600,17
2017-11-20,23246670,31
2017-11-21,26368400,34
2017-11-22,36767070,30
2017-11-23,20913904,21
2017-11-24,20045631,32
2017-11-25,39988751,24
2017-11-26,25415380,29
2017-11-27,23630176,31
2017-11-28,13377261,31
2017-11-29,12439361,33
2017-11-30,16302881,31
2017-12-01,21125433,26
2017-12-02,10742333,23
2017-12-03,13600683,32
2017-12-04,29661938,49
2017-12-05,25281352,38
2017-12-06,34944022,52
2017-12-07,28108066,38
2017-12-08,23632409,32
2017-12-09,13093503,25
2017-12-10,12404106,20
2017-12-11,54124979,54
2017-12-12,517930684,413
2017-12-13,246560730,223
2017-12-14,223409832,239
2017-12-15,44952200,44
2017-12-16,25925140,32
2017-12-17,29444100,38
2017-12-18,27235503,44
2017-12-19,30527594,38
2017-12-20,22538421,34
2017-12-21,28250314,40
2017-12-22,31690177,36
2017-12-23,10068465,25
2017-12-24,6488644,13
2017-12-25,22084822,34
2017-12-26,18211758,31
2017-12-27,23554850,38
2017-12-28,20524306,43
2017-12-29,19832935,32
2017-12-30,10458271,40
2017-12-31,10010002,25
2018-01-01,10987854,27
2018-01-02,47067677,46
2018-01-03,36520054,44
2018-01-04,19675110,30
2018-01-05,31188562,37
2018-01-06,32073740,30
2018-01-07,12558873,26
2018-01-08,27354066,49
2018-01-09,14543364,31
2018-01-10,40690714,37
2018-01-11,38721973,61
2018-01-12,33280233,38
2018-01-13,13316033,26
2018-01-14,15459233,27
2018-01-15,12971233,43
2018-01-16,13664692,27
2018-01-17,20184223,42
2018-01-18,16492032,39
2018-01-19,20350314,39
2018-01-20,10971443,19
2018-01-21,11153122,22
2018-01-22,19027092,25
2018-01-23,19169411,37
2018-01-24,22617699,49
2018-01-25,21828632,43
2018-01-26,18903460,28
2018-01-27,28277642,33
2018-01-28,17946122,27
2018-01-29,30497670,25
2018-01-30,30985222,33
2018-01-31,36886131,48
2018-02-01,15474853,28
2018-02-02,27865906,35
2018-02-03,15513281,26
2018-02-04,28495699,41
2018-02-05,42166400,52
2018-02-06,17791280,31
2018-02-07,22474834,34
2018-02-08,16874762,33
2018-02-09,17152422,27
2018-02-10,21440320,27
2018-02-11,15207569,22
2018-02-12,17923111,31
2018-02-13,23233400,22
2018-02-14,17963100,30
2018-02-15,23475045,31
2018-02-16,27959470,34
2018-02-17,9642088,18
2018-02-18,18815407,25
2018-02-19,18704840,34
2018-02-20,19175200,19
2018-02-21,19069811,26
2018-02-22,16526200,26
2018-02-23,34764656,25
2018-02-24,9106179,18
2018-02-25,22556745,18
2018-02-26,13439160,31
2018-02-27,28874092,34
2018-02-28,19641560,36
2018-03-01,14262921,44
2018-03-02,12817549,25
2018-03-03,10972400,18
2018-03-04,10061693,19
2018-03-05,21483300,37
2018-03-06,14269200,24
2018-03-07,36742971,33
2018-03-08,13706749,22
2018-03-09,4812270,17
2018-03-10,32496700,16
2018-03-11,21687070,19
2018-03-12,29340670,27
2018-03-13,22559170,24
2018-03-14,10221531,31
2018-03-15,54195520,32
2018-03-16,32722991,30
2018-03-17,17418179,35
2018-03-18,9272770,19
2018-03-19,25015800,33
2018-03-20,23036069,25
2018-03-21,15665169,22
2018-03-22,25622900,18
2018-03-23,15296770,18
2018-03-24,6765260,15
2018-03-25,5333569,26
2018-03-26,26591778,32
2018-03-27,20695999,37
2018-03-28,19061307,37
2018-03-29,18453500,30
2018-03-30,23845169,19
2018-03-31,44996539,39
2018-04-01,15924078,18
2018-04-02,10404640,17
2018-04-03,9944900,25
2018-04-04,23304170,32
2018-04-05,16224370,26
2018-04-06,14698410,27
2018-04-07,19032890,24
2018-04-08,17280440,23
2018-04-09,18834639,34
2018-04-10,22436370,52
2018-04-11,6857419,25
2018-04-12,12894940,32
2018-04-13,15769579,23
2018-04-14,18286879,16
2018-04-15,14775409,25
2018-04-16,12626497,22
2018-04-17,10266758,32
2018-04-18,26438708,32
2018-04-19,17179470,26
2018-04-20,29344523,31
2018-04-21,12593058,20
2018-04-22,7824249,16
2018-04-23,26306770,29
2018-04-24,20445769,30
2018-04-25,133619365,143
2018-04-26,137629256,116
2018-04-27,127775723,141
2018-04-28,32154760,38
2018-04-29,24908719,33
2018-04-30,22473820,36
2018-05-01,27604993,43
2018-05-02,20243890,36
2018-05-03,13821503,31
2018-05-04,17487340,33
2018-05-05,28841819,37
2018-05-06,11019552,25
2018-05-07,50959965,33
2018-05-08,24588347,40
2018-05-09,31361280,38
2018-05-10,32243570,28
2018-05-11,40428440,27
2018-05-12,41994647,33
2018-05-13,7867899,24
2018-05-14,18487314,33
2018-05-15,18140370,31
2018-05-16,22642740,30
2018-05-17,17843234,39
2018-05-18,33491813,29
2018-05-19,27769660,30
2018-05-20,39537380,30
2018-05-21,59738370,29
2018-05-22,27906800,26
2018-05-23,18855532,35
2018-05-24,11563519,23
2018-05-25,17064990,36
2018-05-26,54599720,69
2018-05-27,20888518,45
2018-05-28,59918230,73
2018-05-29,16722514,30
2018-05-30,14327128,30
2018-05-31,19087203,41
2018-06-01,22846510,39
2018-06-02,28667363,31
2018-06-03,17872179,33
2018-06-04,23087070,31
2018-06-05,36664680,44
2018-06-06,16284023,36
2018-06-07,15061840,33
2018-06-08,23445990,24
2018-06-09,15481840,32
2018-06-10,20101940,24
2018-06-11,17265800,19
2018-06-12,9478201,24
2018-06-13,10871436,16
2018-06-14,6274400,17
2018-06-15,26140669,15
2018-06-16,4150010,19
2018-06-17,11690620,25
2018-06-18,16074320,35
2018-06-19,13274579,52
2018-06-20,19610719,38
2018-06-21,21182739,35
2018-06-22,24155870,39
2018-06-23,21144390,32
2018-06-24,53312973,39
2018-06-25,16325930,43
2018-06-26,46563349,36
2018-06-27,47797669,49
2018-06-28,43369052,51
2018-06-29,60771093,50
2018-06-30,29691960,37
2018-07-01,22310414,36
2018-07-02,29788778,43
2018-07-03,52569419,51
2018-07-04,31234388,50
2018-07-05,48505380,57
2018-07-06,87069650,49
2018-07-07,70214970,56
2018-07-08,26182368,25
2018-07-09,59792316,53
2018-07-10,78045997,54
2018-07-11,50525450,37
2018-07-12,41722678,34
2018-07-13,33330399,32
2018-07-14,33160699,28
2018-07-15,40572670,42
2018-07-16,20313327,31
2018-07-17,35674389,82
2018-07-18,10003049,21
2018-07-19,43233646,37
2018-07-20,23842009,27
2018-07-21,59615720,45
2018-07-22,12399674,26
2018-07-23,48041251,46
2018-07-24,57490735,54
2018-07-25,18699889,28
2018-07-26,23295059,44
2018-07-27,70132944,76
2018-07-28,36178491,54
2018-07-29,19288215,39
2018-07-30,31443650,93
2018-07-31,61024370,86
2018-08-01,57904049,64
2018-08-02,38182569,67
2018-08-03,31375849,43
2018-08-04,24519512,37
2018-08-05,46479369,51
2018-08-06,49558098,47
2018-08-07,35559211,55
2018-08-08,417973192,170
2018-08-09,22578203,29
2018-08-10,38922501,47
2018-08-11,31616090,30
2018-08-12,35898050,34
2018-08-13,37901239,51
2018-08-14,84877857,128
2018-08-15,45335610,45
2018-08-16,63343090,35
2018-08-17,47989763,58
2018-08-18,49052570,34
2018-08-19,32308170,27
2018-08-20,44855843,43
2018-08-21,24156002,31
2018-08-22,12821599,27
2018-08-23,36989871,38
2018-08-24,63175192,47
2018-08-25,48567969,33
2018-08-26,46286661,36
2018-08-27,54226170,45
2018-08-28,111097230,75
2018-08-29,99589450,52
2018-08-30,95871911,76
2018-08-31,63808300,48
2018-09-01,50374700,35
2018-09-02,25035867,56
2018-09-03,29626169,49
2018-09-04,43348334,41
2018-09-05,24982949,45
2018-09-06,72121448,75
2018-09-07,97664020,64
2018-09-08,56099815,55
2018-09-09,857860342,450
2018-09-10,49739896,51
2018-09-11,43255382,55
2018-09-12,49096700,56
2018-09-13,17151468,28
2018-09-14,38144610,93
2018-09-15,26989912,44
2018-09-16,100788570,119
2018-09-17,105367557,62
2018-09-18,91711644,57
2018-09-19,49578381,90
2018-09-20,81042492,56
2018-09-21,23634551,41
2018-09-22,35335719,43
2018-09-23,24579595,33
2018-09-24,110204477,68
2018-09-25,87885799,69
2018-09-26,41325490,58
2018-09-27,208956583,99
2018-09-28,84534679,72
2018-09-29,60905368,54
2018-09-30,104513593,57
2018-10-01,97616100,63
2018-10-02,108680766,94
2018-10-03,89468687,65
2018-10-04,67204570,49
2018-10-05,71871978,64
2018-10-06,62665054,58
2018-10-07,59543893,55
2018-10-08,491775808,287
2018-10-09,49985955,51
2018-10-10,222468463,172
2018-10-11,60212034,59
2018-10-12,42605828,54
2018-10-13,38830877,52
2018-10-14,43858982,41
2018-10-15,54966732,51
2018-10-16,78337965,74
2018-10-17,63304900,64
2018-10-18,71346240,51
2018-10-19,84451176,67
2018-10-20,46395218,65
2018-10-21,85951099,46
2018-10-22,105947861,98
2018-10-23,95690370,69
2018-10-24,127646696,97
2018-10-25,80592590,54
2018-10-26,63979106,54
2018-10-27,76023927,52
2018-10-28,22171523,69
2018-10-29,94775530,70
2018-10-30,73401383,83
2018-10-31,51325631,62
2018-11-01,41264306,44
2018-11-02,43918535,46
2018-11-03,48137653,57
2018-11-04,64774678,46
2018-11-05,52695051,54
2018-11-06,75315421,67
2018-11-07,73055367,59
2018-11-08,67363405,51
2018-11-09,51911438,62
2018-11-10,72695824,60
2018-11-11,3368296319,1851
2018-11-12,100639292,100
2018-11-13,168914565,108
2018-11-14,77302334,75
2018-11-15,59718932,61
2018-11-16,62923025,75
2018-11-17,66563177,60
2018-11-18,44540909,49
2018-11-19,65984233,68
2018-11-20,68437790,72
2018-11-21,68180956,62
2018-11-22,33160004,54
2018-11-23,214559838,146
2018-11-24,59779193,89
2018-11-25,74268544,51
2018-11-26,308853455,243
2018-11-27,89956044,72
2018-11-28,86375793,85
2018-11-29,66875619,77
2018-11-30,57239674,46
2018-12-01,56155540,75
2018-12-02,34930398,100
2018-12-03,66405503,90
2018-12-04,45120123,70
2018-12-05,39657578,91
2018-12-06,56622560,74
2018-12-07,48882564,72
2018-12-08,41259414,47
2018-12-09,114990951,105
2018-12-10,1704198054,908
2018-12-11,831522068,504
2018-12-12,1870240933,1526
2018-12-13,99460905,144
2018-12-14,86249270,101
2018-12-15,53889810,105
2018-12-16,73094147,94
2018-12-17,70638058,126
2018-12-18,95384544,118
2018-12-19,66247551,142
2018-12-20,50446010,127
2018-12-21,85311840,108
2018-12-22,76100234,93
2018-12-23,56434874,74
2018-12-24,71028964,81
2018-12-25,35234884,72
2018-12-26,234102977,157
2018-12-27,110272207,150
2018-12-28,183314702,141
2018-12-29,60263082,92
2018-12-30,79198912,74
2018-12-31,64214454,84
2019-01-01,52874657,83
2019-01-02,57246902,128
2019-01-03,103168245,167
2019-01-04,102481403,105
2019-01-05,95294759,76
2019-01-06,72432646,74
2019-01-07,120355382,105
2019-01-08,104772947,105
2019-01-09,84579800,80
2019-01-10,78513458,172
2019-01-11,73245011,86
2019-01-12,62273367,73
2019-01-13,91410769,107
2019-01-14,152522808,161
2019-01-15,113364094,138
2019-01-16,80793094,82
2019-01-17,75080984,107
2019-01-18,76465919,77
2019-01-19,43064379,83
2019-01-20,44064742,65
2019-01-21,71255660,87
2019-01-22,460984993,253
2019-01-23,255178182,195
2019-01-24,328149269,248
2019-01-25,76895713,88
2019-01-26,164611164,133
2019-01-27,85554553,80
2019-01-28,101457455,100
2019-01-29,91031757,100
2019-01-30,86267811,116
2019-01-31,151259188,142
2019-02-01,69607621,93
2019-02-02,79208118,102
2019-02-03,74898907,94
2019-02-04,73124052,96
2019-02-05,63694893,85
2019-02-06,65021938,101
2019-02-07,72296952,121
2019-02-08,78289661,100
2019-02-09,68551927,86
2019-02-10,81394312,87
2019-02-11,106884541,127
2019-02-12,161147185,130
2019-02-13,86941100,140
2019-02-14,58096543,90
2019-02-15,85612309,117
2019-02-16,72943281,83
2019-02-17,141112292,121
2019-02-18,90164249,105
2019-02-19,219551025,191
2019-02-20,113680783,160
2019-02-21,114312288,110
2019-02-22,93115990,114
2019-02-23,49279920,88
2019-02-24,65142899,97
2019-02-25,171436164,163
2019-02-26,139938774,143
2019-02-27,164879743,111
2019-02-28,138603387,128
2019-03-01,103570464,112
2019-03-02,86215759,95
2019-03-03,77818906,74
2019-03-04,89550042,101
2019-03-05,74294385,103
2019-03-06,96276948,97
2019-03-07,71523864,77
2019-03-08,76555305,102
2019-03-09,64529945,87
2019-03-10,47879795,80
2019-03-11,80919456,103
2019-03-12,65325502,111
2019-03-13,79666752,101
2019-03-14,64375979,102
2019-03-15,117506248,133
2019-03-16,75170361,160
2019-03-17,64663272,95
2019-03-18,110125185,153
2019-03-19,106032834,131
2019-03-20,90050013,142
2019-03-21,141429878,104
2019-03-22,73680685,107
2019-03-23,62847202,105
2019-03-24,84846709,150
2019-03-25,118923539,119
2019-03-26,194837215,188
2019-03-27,3684106503,2238
2019-03-28,145065013,174
2019-03-29,291635452,235
2019-03-30,117251379,169
2019-03-31,122437024,129
2019-04-01,163891441,168
2019-04-02,172818994,152
2019-04-03,159851739,153
2019-04-04,201239869,175
2019-04-05,109926899,161
2019-04-06,142843402,126
2019-04-07,95527781,83
2019-04-08,165921087,148
2019-04-09,118256245,116
2019-04-10,109802631,154
2019-04-11,125856886,132
2019-04-12,144088676,126
2019-04-13,61880729,96
2019-04-14,76198155,76
2019-04-15,154458897,172
2019-04-16,90580653,113
2019-04-17,66631775,127
2019-04-18,74519005,80
2019-04-19,58182171,72
2019-04-20,52942757,82
2019-04-21,59723900,81
2019-04-22,142135802,122
2019-04-23,138848593,126
2019-04-24,72928099,90
2019-04-25,94650344,104
2019-04-26,89956754,93
2019-04-27,160642675,109
2019-04-28,126012184,91
2019-04-29,344150239,238
2019-04-30,226458945,144
2019-05-01,111439349,117
2019-05-02,140121478,130
2019-05-03,155879349,122
2019-05-04,104546111,109
2019-05-05,117395384,103
2019-05-06,200428481,151
2019-05-07,178401028,155
2019-05-08,59540955,133
2019-05-09,75588575,92
2019-05-10,61199056,83
2019-05-11,71456615,81
2019-05-12,38332512,64
2019-05-13,137055551,108
2019-05-14,1787855669,794
2019-05-15,657380475,396
2019-05-16,991292401,539
2019-05-17,84138947,95
2019-05-18,108578548,106
2019-05-19,79429385,107
2019-05-20,166023479,114
2019-05-21,213314066,175
2019-05-22,265976186,175
2019-05-23,219072992,171
2019-05-24,210545400,155
2019-05-25,201183979,150
2019-05-26,142216450,111
2019-05-27,325810294,182
2019-05-28,136524773,105
2019-05-29,128041485,101
2019-05-30,113815008,104
2019-05-31,115174412,93
2019-06-01,86781665,62
2019-06-02,55866166,50
2019-06-03,131430306,91
2019-06-04,47525377,55
2019-06-05,22552957,31
2019-06-06,34190023,41
2019-06-07,46461095,88
2019-06-08,65008120,68
2019-06-09,65506058,98
2019-06-10,187837354,153
2019-06-11,243908563,173
2019-06-12,197241157,141
2019-06-13,83509925,113
2019-06-14,124973732,117
2019-06-15,90642800,117
2019-06-16,92843831,91
2019-06-17,149125632,134
2019-06-18,380207772,203
2019-06-19,302363139,222
2019-06-20,329606196,183
2019-06-21,152474066,137
2019-06-22,139550869,145
2019-06-23,58759175,111
2019-06-24,95893136,120
2019-06-25,152032146,161
2019-06-26,190984977,171
2019-06-27,293818144,188
2019-06-28,250299791,186
2019-06-29,113952105,146
2019-06-30,147408023,138
2019-07-01,364669896,217
2019-07-02,203733652,207
2019-07-03,159313499,229
2019-07-04,135115174,151
2019-07-05,153199739,205
2019-07-06,160349204,177
2019-07-07,64583168,105
2019-07-08,102266499,160
2019-07-09,218820273,196
2019-07-10,204472906,166
2019-07-11,137504940,163
2019-07-12,2706448603,1552
2019-07-13,141996949,157
2019-07-14,119856046,150
2019-07-15,223564034,206
2019-07-16,113361782,152
2019-07-17,118775192,148
2019-07-18,102702656,164
2019-07-19,130000859,131
2019-07-20,100247204,101
2019-07-21,87412343,108
2019-07-22,174934816,173
2019-07-23,170929755,147
2019-07-24,189677294,146
2019-07-25,362913134,230
2019-07-26,305142138,230
2019-07-27,149438254,145
2019-07-28,162936318,128
2019-07-29,218328628,339
2019-07-30,241626431,216
2019-07-31,333089245,200
2019-08-01,219472820,178
2019-08-02,166555553,150
2019-08-03,158436514,144
2019-08-04,65165244,95
2019-08-05,217028508,164
2019-08-06,226688252,185
2019-08-07,471783898,284
2019-08-08,1590243122,572
2019-08-09,232767429,167
2019-08-10,420764938,202
2019-08-11,83763967,74
2019-08-12,168809352,109
2019-08-13,158190779,162
2019-08-14,344607787,235
2019-08-15,305878171,216
2019-08-16,222322274,157
2019-08-17,280393670,185
2019-08-18,197748712,142
2019-08-19,163903302,150
2019-08-20,180434580,165
2019-08-21,139376684,128
2019-08-22,510365773,285
2019-08-23,276749945,238
2019-08-24,170743765,166
2019-08-25,122424572,137
2019-08-26,304854453,221
2019-08-27,230689917,214
2019-08-28,365750413,233
2019-08-29,220759892,196
2019-08-30,163808302,194
2019-08-31,173206192,182
2019-09-01,151335650,147
2019-09-02,270694426,211
2019-09-03,185157411,185
2019-09-04,212915814,187
2019-09-05,242335821,216
2019-09-06,202039649,182
2019-09-07,102447431,125
2019-09-08,137838792,124
2019-09-09,5598592713,2357
2019-09-10,221587318,175
2019-09-11,287041911,203
2019-09-12,307359787,193
2019-09-13,220023592,198
2019-09-14,128581308,138
2019-09-15,144499820,120
2019-09-16,182388965,157
2019-09-17,187613752,170
2019-09-18,213731108,146
2019-09-19,312749559,230
2019-09-20,199680337,191
2019-09-21,135578798,108
2019-09-22,136273910,114
2019-09-23,119838600,131
2019-09-24,203233940,178
2019-09-25,194824135,137
2019-09-26,176754517,124
2019-09-27,452169358,208
2019-09-28,88139012,67
2019-09-29,72886990,48
2019-09-30,48198054,40
2019-10-01,3328150,6
2019-10-02,98000,1
